
#
# Misc
#

korean;Korean;;;;;;;;;;;;;;x
korean_adj;Korean;;;;;;;;;;;;;;x
korean-min;Korean;;;;;;;;;;;;;;x
korean-min_adj;Korean;;;;;;;;;;;;;;x
k_westkorea;West Korea;;;;;;;;;;;;;;x
e_westkorea;West Korea;;;;;;;;;;;;;;x
k_westkorea_adj;West Korean;;;;;;;;;;;;;;x
create_westkorea;Create the Kingdom of West Korea;;;;;;;;;;;;;;x
create_westkorea_desc;Although far from our ancestral homeland in the land of the Morning Calm, Korea is truthfully whereever we make it to be. We Kyopo have established ourselves here in this western land, and it is time that we stake our claim to this territory as part of a greater Korea - the Kingdom of West Korea.;;;;;;;;;;;;;;x




